<metadata xml:lang="en"><Esri><CreaDate>20240823</CreaDate><CreaTime>15441700</CreaTime><ArcGISFormat>1.0</ArcGISFormat><SyncOnce>FALSE</SyncOnce><DataProperties><lineage><Process ToolSource="c:\program files\arcgis\pro\Resources\ArcToolbox\toolboxes\Data Management Tools.tbx\CreateFeatureclass" Date="20240823" Time="154417">CreateFeatureclass D:\4_Work\Data_Template1\Template\Template.gdb\FDS ID_Parcel Polygon # No Yes "PROJCS["WGS_1984_UTM_Zone_48N",GEOGCS["GCS_WGS_1984",DATUM["D_WGS_1984",SPHEROID["WGS_1984",6378137.0,298.257223563]],PRIMEM["Greenwich",0.0],UNIT["Degree",0.0174532925199433]],PROJECTION["Transverse_Mercator"],PARAMETER["False_Easting",500000.0],PARAMETER["False_Northing",0.0],PARAMETER["Central_Meridian",105.0],PARAMETER["Scale_Factor",0.9996],PARAMETER["Latitude_Of_Origin",0.0],UNIT["Meter",1.0]];-5120900 -9998100 10000;-100000 10000;-100000 10000;0.001;0.001;0.001;IsHighPrecision" # # # # # "Same as template"</Process><Process ToolSource="c:\program files\arcgis\pro\Resources\ArcToolbox\toolboxes\Data Management Tools.tbx\UpdateSchema" Date="20240823" Time="154417">UpdateSchema D:\4_Work\Data_Template1\Template\Template.gdb\FDS\ID_Parcel &lt;operationSequence&gt;&lt;workflow&gt;&lt;AddField&gt;&lt;field_name&gt;ID_Parcel&lt;/field_name&gt;&lt;field_type&gt;Long&lt;/field_type&gt;&lt;field_is_nullable&gt;TRUE&lt;/field_is_nullable&gt;&lt;field_length&gt;0&lt;/field_length&gt;&lt;/AddField&gt;&lt;/workflow&gt;&lt;workflow&gt;&lt;AddField&gt;&lt;field_name&gt;Owner_Parcel&lt;/field_name&gt;&lt;field_type&gt;Long&lt;/field_type&gt;&lt;field_is_nullable&gt;TRUE&lt;/field_is_nullable&gt;&lt;field_length&gt;0&lt;/field_length&gt;&lt;/AddField&gt;&lt;/workflow&gt;&lt;workflow&gt;&lt;AddField&gt;&lt;field_name&gt;ProCoVi&lt;/field_name&gt;&lt;field_type&gt;Short&lt;/field_type&gt;&lt;field_is_nullable&gt;TRUE&lt;/field_is_nullable&gt;&lt;field_length&gt;0&lt;/field_length&gt;&lt;/AddField&gt;&lt;/workflow&gt;&lt;workflow&gt;&lt;AddField&gt;&lt;field_name&gt;Shape_Area_Ha&lt;/field_name&gt;&lt;field_type&gt;DOUBLE&lt;/field_type&gt;&lt;field_is_nullable&gt;TRUE&lt;/field_is_nullable&gt;&lt;field_length&gt;0&lt;/field_length&gt;&lt;/AddField&gt;&lt;/workflow&gt;&lt;workflow&gt;&lt;AddField&gt;&lt;field_name&gt;Shape_Length&lt;/field_name&gt;&lt;field_type&gt;DOUBLE&lt;/field_type&gt;&lt;field_is_nullable&gt;TRUE&lt;/field_is_nullable&gt;&lt;field_length&gt;0&lt;/field_length&gt;&lt;/AddField&gt;&lt;/workflow&gt;&lt;/operationSequence&gt;</Process><Process ToolSource="c:\program files\arcgis\pro\Resources\ArcToolbox\toolboxes\Data Management Tools.tbx\UpdateSchema" Date="20240823" Time="154422">UpdateSchema D:\4_Work\Data_Template1\Template\Template.gdb\FDS\ID_Parcel &lt;operationSequence&gt;&lt;workflow&gt;&lt;AlterField&gt;&lt;field_name&gt;OBJECTID&lt;/field_name&gt;&lt;field_alias&gt;OBJECTID&lt;/field_alias&gt;&lt;/AlterField&gt;&lt;/workflow&gt;&lt;workflow&gt;&lt;AlterField&gt;&lt;field_name&gt;SHAPE&lt;/field_name&gt;&lt;field_alias&gt;SHAPE&lt;/field_alias&gt;&lt;/AlterField&gt;&lt;/workflow&gt;&lt;/operationSequence&gt;</Process><Process ToolSource="c:\program files\arcgis\pro\Resources\ArcToolbox\Toolboxes\Data Management Tools.tbx\UpdateSchema" Date="20240823" Time="155836">UpdateSchema "CIMDATA=&lt;CIMFeatureDatasetDataConnection xsi:type='typens:CIMFeatureDatasetDataConnection' xmlns:xsi='http://www.w3.org/2001/XMLSchema-instance' xmlns:xs='http://www.w3.org/2001/XMLSchema' xmlns:typens='http://www.esri.com/schemas/ArcGIS/3.3.0'&gt;&lt;FeatureDataset&gt;FDS&lt;/FeatureDataset&gt;&lt;WorkspaceConnectionString&gt;DATABASE=D:\4_Work\Data_Template1\Template\Template.gdb&lt;/WorkspaceConnectionString&gt;&lt;WorkspaceFactory&gt;FileGDB&lt;/WorkspaceFactory&gt;&lt;Dataset&gt;ID_Parcel&lt;/Dataset&gt;&lt;DatasetType&gt;esriDTFeatureClass&lt;/DatasetType&gt;&lt;/CIMFeatureDatasetDataConnection&gt;" &lt;operationSequence&gt;&lt;workflow&gt;&lt;AddField&gt;&lt;field_name&gt;F_Type&lt;/field_name&gt;&lt;field_type&gt;TEXT&lt;/field_type&gt;&lt;field_length&gt;255&lt;/field_length&gt;&lt;field_is_nullable&gt;True&lt;/field_is_nullable&gt;&lt;field_is_required&gt;False&lt;/field_is_required&gt;&lt;/AddField&gt;&lt;/workflow&gt;&lt;/operationSequence&gt;</Process><Process ToolSource="c:\program files\arcgis\pro\Resources\ArcToolbox\Toolboxes\Data Management Tools.tbx\UpdateSchema" Date="20240823" Time="161505">UpdateSchema "CIMDATA=&lt;CIMFeatureDatasetDataConnection xsi:type='typens:CIMFeatureDatasetDataConnection' xmlns:xsi='http://www.w3.org/2001/XMLSchema-instance' xmlns:xs='http://www.w3.org/2001/XMLSchema' xmlns:typens='http://www.esri.com/schemas/ArcGIS/3.3.0'&gt;&lt;FeatureDataset&gt;FDS&lt;/FeatureDataset&gt;&lt;WorkspaceConnectionString&gt;DATABASE=D:\4_Work\Data_Template1\Template\Template.gdb&lt;/WorkspaceConnectionString&gt;&lt;WorkspaceFactory&gt;FileGDB&lt;/WorkspaceFactory&gt;&lt;Dataset&gt;ID_Parcel&lt;/Dataset&gt;&lt;DatasetType&gt;esriDTFeatureClass&lt;/DatasetType&gt;&lt;/CIMFeatureDatasetDataConnection&gt;" &lt;operationSequence&gt;&lt;workflow&gt;&lt;AddField&gt;&lt;field_name&gt;F_ID&lt;/field_name&gt;&lt;field_type&gt;SHORT&lt;/field_type&gt;&lt;field_is_nullable&gt;True&lt;/field_is_nullable&gt;&lt;field_is_required&gt;False&lt;/field_is_required&gt;&lt;/AddField&gt;&lt;/workflow&gt;&lt;/operationSequence&gt;</Process><Process ToolSource="c:\program files\arcgis\pro\Resources\ArcToolbox\Toolboxes\Data Management Tools.tbx\UpdateSchema" Date="20241026" Time="223116">UpdateSchema "CIMDATA=&lt;CIMFeatureDatasetDataConnection xsi:type='typens:CIMFeatureDatasetDataConnection' xmlns:xsi='http://www.w3.org/2001/XMLSchema-instance' xmlns:xs='http://www.w3.org/2001/XMLSchema' xmlns:typens='http://www.esri.com/schemas/ArcGIS/3.3.0'&gt;&lt;FeatureDataset&gt;FDS&lt;/FeatureDataset&gt;&lt;WorkspaceConnectionString&gt;DATABASE=D:\4_Work\4_Data_Template\Template\Template.gdb&lt;/WorkspaceConnectionString&gt;&lt;WorkspaceFactory&gt;FileGDB&lt;/WorkspaceFactory&gt;&lt;Dataset&gt;ID_Parcel&lt;/Dataset&gt;&lt;DatasetType&gt;esriDTFeatureClass&lt;/DatasetType&gt;&lt;/CIMFeatureDatasetDataConnection&gt;" &lt;operationSequence&gt;&lt;workflow&gt;&lt;DeleteField&gt;&lt;field_name&gt;Owner_Parcel&lt;/field_name&gt;&lt;/DeleteField&gt;&lt;/workflow&gt;&lt;workflow&gt;&lt;AddField&gt;&lt;field_name&gt;Owner_Parcel&lt;/field_name&gt;&lt;field_type&gt;TEXT&lt;/field_type&gt;&lt;field_length&gt;255&lt;/field_length&gt;&lt;field_is_nullable&gt;True&lt;/field_is_nullable&gt;&lt;field_is_required&gt;False&lt;/field_is_required&gt;&lt;/AddField&gt;&lt;/workflow&gt;&lt;workflow&gt;&lt;AddField&gt;&lt;field_name&gt;Note&lt;/field_name&gt;&lt;field_type&gt;TEXT&lt;/field_type&gt;&lt;field_length&gt;255&lt;/field_length&gt;&lt;field_is_nullable&gt;True&lt;/field_is_nullable&gt;&lt;field_is_required&gt;False&lt;/field_is_required&gt;&lt;/AddField&gt;&lt;/workflow&gt;&lt;/operationSequence&gt;</Process><Process ToolSource="c:\program files\arcgis\pro\Resources\ArcToolbox\Toolboxes\Data Management Tools.tbx\Rename" Date="20241026" Time="230025">Rename D:\4_Work\2_021405_Sdok_Pravork_Commune\4_02140503_Sdok_Pravuek\1_02140503_Sdok_Pravuek\SdokPravuek_02140503.gdb\FDS\ID_Parcel D:\4_Work\2_021405_Sdok_Pravork_Commune\4_02140503_Sdok_Pravuek\1_02140503_Sdok_Pravuek\SdokPravuek_02140503.gdb\FDS\Parcel_02140503 FeatureClass</Process><Process ToolSource="c:\program files\arcgis\pro\Resources\ArcToolbox\toolboxes\Data Management Tools.tbx\CalculateField" Date="20241225" Time="050545">CalculateField ID_Digitize\Parcel_02140503 ID_Parcel SequentialNumber() Python "# Calculates a sequential number
# More calculator examples at esriurl.com/CalculatorExamples
rec=0
def SequentialNumber():
    global rec
    pStart = 1
    pInterval = 1
    if (rec == 0):
        rec = pStart
    else:
        rec = rec + pInterval
    return rec" Text NO_ENFORCE_DOMAINS</Process><Process ToolSource="c:\program files\arcgis\pro\Resources\ArcToolbox\toolboxes\Data Management Tools.tbx\CalculateField" Date="20241225" Time="052117">CalculateField ID_Digitize\Parcel_02140503 ID_Parcel SequentialNumber() Python "# Calculates a sequential number
# More calculator examples at esriurl.com/CalculatorExamples
rec=0
def SequentialNumber():
    global rec
    pStart = 518
    pInterval = 1
    if (rec == 0):
        rec = pStart
    else:
        rec = rec + pInterval
    return rec" Text NO_ENFORCE_DOMAINS</Process><Process ToolSource="c:\program files\arcgis\pro\Resources\ArcToolbox\toolboxes\Data Management Tools.tbx\CopyFeatures" Date="20250401" Time="163809">CopyFeatures D:\4_Work\2_021405_Sdok_Pravork_Commune\4_02140503_Sdok_Pravuek\1_02140503_Sdok_Pravuek\SdokPravuek_02140503.gdb\FDS\Parcel_02140503 D:\0_Thses\0_GIS_Project\1_BD_Project\1_Boundary_Project\BD_GDB.gdb\Draft\Parcel_02140503 # # # #</Process><Process ToolSource="c:\program files\arcgis\pro\Resources\ArcToolbox\toolboxes\Data Management Tools.tbx\Merge" Date="20250401" Time="180924">Merge Parcel_02140503;PoLygonSP;PoLygonak D:\0_Thses\0_GIS_Project\1_BD_Project\1_Boundary_Project\Cadaster_data.gdb\Cadastral_Parcels\Cad_Parcel "ID_Parcel "ID_Parcel" true true false 4 Long 0 0,First,#,Parcel_02140503,ID_Parcel,-1,-1;ProCoVi "ProCoVi" true true false 2 Short 0 0,First,#,Parcel_02140503,ProCoVi,-1,-1;Shape_Area_Ha "Shape_Area_Ha" true true false 8 Double 0 0,First,#,Parcel_02140503,Shape_Area_Ha,-1,-1;F_Type "F_Type" true true false 255 Text 0 0,First,#,Parcel_02140503,F_Type,0,254;F_ID "F_ID" true true false 2 Short 0 0,First,#,Parcel_02140503,F_ID,-1,-1;Owner_Parcel "Owner_Parcel" true true false 255 Text 0 0,First,#,Parcel_02140503,Owner_Parcel,0,254;Note "Note" true true false 255 Text 0 0,First,#,Parcel_02140503,Note,0,254;Typer "Typer" true true false 255 Text 0 0,First,#,PoLygonSP,Typer,0,254,PoLygonak,Typer,0,254;Code "Code" true true false 2 Short 0 0,First,#,PoLygonSP,Code,-1,-1,PoLygonak,Code,-1,-1;Name "Name" true true false 255 Text 0 0,First,#,PoLygonSP,Name,0,254,PoLygonak,Name,0,254;Area "Area" true true false 8 Double 0 0,First,#,PoLygonSP,Area,-1,-1,PoLygonak,Area,-1,-1" NO_SOURCE_INFO MANUAL_EDIT</Process><Process ToolSource="c:\program files\arcgis\pro\Resources\ArcToolbox\toolboxes\Data Management Tools.tbx\Append" Date="20250401" Time="181106">Append Parcel_02140503 Cad_Parcel NO_TEST "ID_Parcel "ID_Parcel" true true false 4 Long 0 0,First,#,D:\0_Thses\0_GIS_Project\1_BD_Project\1_Boundary_Project\BD_GDB.gdb\Draft\Parcel_02140503,ID_Parcel,-1,-1;ProCoVi "ProCoVi" true true false 2 Short 0 0,First,#,D:\0_Thses\0_GIS_Project\1_BD_Project\1_Boundary_Project\BD_GDB.gdb\Draft\Parcel_02140503,ProCoVi,-1,-1;Shape_Area_Ha "Shape_Area_Ha" true true false 8 Double 0 0,First,#,D:\0_Thses\0_GIS_Project\1_BD_Project\1_Boundary_Project\BD_GDB.gdb\Draft\Parcel_02140503,Shape_Area_Ha,-1,-1;F_Type "F_Type" true true false 255 Text 0 0,First,#,D:\0_Thses\0_GIS_Project\1_BD_Project\1_Boundary_Project\BD_GDB.gdb\Draft\Parcel_02140503,F_Type,0,254;F_ID "F_ID" true true false 2 Short 0 0,First,#,D:\0_Thses\0_GIS_Project\1_BD_Project\1_Boundary_Project\BD_GDB.gdb\Draft\Parcel_02140503,F_ID,-1,-1;Owner_Parcel "Owner_Parcel" true true false 255 Text 0 0,First,#,D:\0_Thses\0_GIS_Project\1_BD_Project\1_Boundary_Project\BD_GDB.gdb\Draft\Parcel_02140503,Owner_Parcel,0,254;Note "Note" true true false 255 Text 0 0,First,#,D:\0_Thses\0_GIS_Project\1_BD_Project\1_Boundary_Project\BD_GDB.gdb\Draft\Parcel_02140503,Note,0,254;Typer "Typer" true true false 255 Text 0 0,First,#;Code "Code" true true false 2 Short 0 0,First,#;Name "Name" true true false 255 Text 0 0,First,#;Area "Area" true true false 8 Double 0 0,First,#" # # # NOT_UPDATE_GEOMETRY NO_ENFORCE_DOMAINS</Process><Process ToolSource="c:\program files\arcgis\pro\Resources\ArcToolbox\toolboxes\Data Management Tools.tbx\Append" Date="20250401" Time="181126">Append PoLygonSP Cad_Parcel NO_TEST "ID_Parcel "ID_Parcel" true true false 4 Long 0 0,First,#,D:\0_Thses\0_GIS_Project\1_BD_Project\1_Boundary_Project\BD_GDB.gdb\Draft\Parcel_02140503,ID_Parcel,-1,-1;ProCoVi "ProCoVi" true true false 2 Short 0 0,First,#,D:\0_Thses\0_GIS_Project\1_BD_Project\1_Boundary_Project\BD_GDB.gdb\Draft\Parcel_02140503,ProCoVi,-1,-1;Shape_Area_Ha "Shape_Area_Ha" true true false 8 Double 0 0,First,#,D:\0_Thses\0_GIS_Project\1_BD_Project\1_Boundary_Project\BD_GDB.gdb\Draft\Parcel_02140503,Shape_Area_Ha,-1,-1;F_Type "F_Type" true true false 255 Text 0 0,First,#,D:\0_Thses\0_GIS_Project\1_BD_Project\1_Boundary_Project\BD_GDB.gdb\Draft\Parcel_02140503,F_Type,0,254;F_ID "F_ID" true true false 2 Short 0 0,First,#,D:\0_Thses\0_GIS_Project\1_BD_Project\1_Boundary_Project\BD_GDB.gdb\Draft\Parcel_02140503,F_ID,-1,-1;Owner_Parcel "Owner_Parcel" true true false 255 Text 0 0,First,#,D:\0_Thses\0_GIS_Project\1_BD_Project\1_Boundary_Project\BD_GDB.gdb\Draft\Parcel_02140503,Owner_Parcel,0,254;Note "Note" true true false 255 Text 0 0,First,#,D:\0_Thses\0_GIS_Project\1_BD_Project\1_Boundary_Project\BD_GDB.gdb\Draft\Parcel_02140503,Note,0,254;Typer "Typer" true true false 255 Text 0 0,First,#;Code "Code" true true false 2 Short 0 0,First,#;Name "Name" true true false 255 Text 0 0,First,#;Area "Area" true true false 8 Double 0 0,First,#" # # # NOT_UPDATE_GEOMETRY NO_ENFORCE_DOMAINS</Process><Process ToolSource="c:\program files\arcgis\pro\Resources\ArcToolbox\toolboxes\Data Management Tools.tbx\Append" Date="20250401" Time="225156">Append Parcel 4_Cadaster_P\Cad_Parcel NO_TEST "ID_Parcel "ID_Parcel" true true false 4 Long 0 0,First,#;ProCoVi "ProCoVi" true true false 2 Short 0 0,First,#;Shape_Area_Ha "Shape_Area_Ha" true true false 8 Double 0 0,First,#;F_Type "F_Type" true true false 255 Text 0 0,First,#;F_ID "F_ID" true true false 2 Short 0 0,First,#;Owner_Parcel "Owner_Parcel" true true false 255 Text 0 0,First,#;Note "Note" true true false 255 Text 0 0,First,#;Typer "Typer" true true false 255 Text 0 0,First,#;Code "Code" true true false 2 Short 0 0,First,#;Name "Name" true true false 255 Text 0 0,First,#;Area "Area" true true false 8 Double 0 0,First,#" # # # NOT_UPDATE_GEOMETRY NO_ENFORCE_DOMAINS</Process><Process ToolSource="c:\program files\arcgis\pro\Resources\ArcToolbox\toolboxes\Data Management Tools.tbx\Append" Date="20250401" Time="225718">Append Parcel 4_Cadaster_P\Cad_Parcel NO_TEST "ID_Parcel "ID_Parcel" true true false 4 Long 0 0,First,#;ProCoVi "ProCoVi" true true false 2 Short 0 0,First,#;Shape_Area_Ha "Shape_Area_Ha" true true false 8 Double 0 0,First,#;F_Type "F_Type" true true false 255 Text 0 0,First,#;F_ID "F_ID" true true false 2 Short 0 0,First,#;Owner_Parcel "Owner_Parcel" true true false 255 Text 0 0,First,#;Note "Note" true true false 255 Text 0 0,First,#,D:\0_Thses\0_GIS_Project\1_Graphic_Project\1_Graphic_Project\Base_data.gdb\Draft\Parcel,Note,0,254;Typer "Typer" true true false 255 Text 0 0,First,#;Code "Code" true true false 2 Short 0 0,First,#;Name "Name" true true false 255 Text 0 0,First,#;Area "Area" true true false 8 Double 0 0,First,#" # # # NOT_UPDATE_GEOMETRY NO_ENFORCE_DOMAINS</Process><Process ToolSource="c:\program files\arcgis\pro\Resources\ArcToolbox\toolboxes\Data Management Tools.tbx\DeleteIdentical" Date="20250401" Time="230811">DeleteIdentical 4_Cadaster_P\Cad_Parcel Shape_Area # 0</Process><Process ToolSource="c:\program files\arcgis\pro\Resources\ArcToolbox\toolboxes\Topographic Production Tools.tbx\SplitFeatures" Date="20250402" Time="073357">SplitFeatures 8_Buffer\Polygon_BUFFER 4_Cadaster_P\Cad_Parcel USE_TARGET_Z</Process><Process ToolSource="c:\program files\arcgis\pro\Resources\ArcToolbox\toolboxes\Conversion Tools.tbx\ExportFeatures" Date="20250528" Time="213834">ExportFeatures 4_Cadaster_P\Cad_Parcel D:\0_Thses\0_WebProject\2_graphic\data\parcel.shp # NOT_USE_ALIAS "ID_Parcel "ID_Parcel" true true false 4 Long 0 0,First,#,4_Cadaster_P\Cad_Parcel,ID_Parcel,-1,-1;ProCoVi "ProCoVi" true true false 2 Short 0 0,First,#,4_Cadaster_P\Cad_Parcel,ProCoVi,-1,-1;Shape_Area_Ha "Shape_Area_Ha" true true false 8 Double 0 0,First,#,4_Cadaster_P\Cad_Parcel,Shape_Area_Ha,-1,-1;F_Type "F_Type" true true false 255 Text 0 0,First,#,4_Cadaster_P\Cad_Parcel,F_Type,0,254;F_ID "F_ID" true true false 2 Short 0 0,First,#,4_Cadaster_P\Cad_Parcel,F_ID,-1,-1;Owner_Parcel "Owner_Parcel" true true false 255 Text 0 0,First,#,4_Cadaster_P\Cad_Parcel,Owner_Parcel,0,254;Note "Note" true true false 255 Text 0 0,First,#,4_Cadaster_P\Cad_Parcel,Note,0,254;Typer "Typer" true true false 255 Text 0 0,First,#,4_Cadaster_P\Cad_Parcel,Typer,0,254;Code "Code" true true false 2 Short 0 0,First,#,4_Cadaster_P\Cad_Parcel,Code,-1,-1;Name "Name" true true false 255 Text 0 0,First,#,4_Cadaster_P\Cad_Parcel,Name,0,254;Area "Area" true true false 8 Double 0 0,First,#,4_Cadaster_P\Cad_Parcel,Area,-1,-1;Shape_Length "Shape_Length" false true true 8 Double 0 0,First,#,4_Cadaster_P\Cad_Parcel,Shape_Length,-1,-1;Shape_Area "Shape_Area" false true true 8 Double 0 0,First,#,4_Cadaster_P\Cad_Parcel,Shape_Area,-1,-1" #</Process><Process ToolSource="c:\program files\arcgis\pro\Resources\ArcToolbox\toolboxes\Data Management Tools.tbx\CopyFeatures" Date="20250528" Time="214046">CopyFeatures D:\0_Thses\0_WebProject\2_graphic\data\parcel.shp D:\0_Thses\0_WebProject\2_graphic\grahic_webs.gdb\parcelfd\parcel # # # #</Process><Process ToolSource="c:\program files\arcgis\pro\Resources\ArcToolbox\toolboxes\Data Management Tools.tbx\Rename" Date="20250528" Time="214102">Rename D:\0_Thses\0_WebProject\2_graphic\grahic_webs.gdb\parcelfd\parcel D:\0_Thses\0_WebProject\2_graphic\grahic_webs.gdb\parcelfd\v_02140503 FeatureClass</Process><Process ToolSource="c:\program files\arcgis\pro\Resources\ArcToolbox\toolboxes\Data Management Tools.tbx\UpdateSchema" Date="20250531" Time="225832">UpdateSchema "CIMDATA=&lt;CIMFeatureDatasetDataConnection xsi:type='typens:CIMFeatureDatasetDataConnection' xmlns:xsi='http://www.w3.org/2001/XMLSchema-instance' xmlns:xs='http://www.w3.org/2001/XMLSchema' xmlns:typens='http://www.esri.com/schemas/ArcGIS/3.4.0'&gt;&lt;FeatureDataset&gt;parcelfd&lt;/FeatureDataset&gt;&lt;WorkspaceConnectionString&gt;DATABASE=D:\0_Thses\0_WebProject\2_graphic\grahic_webs.gdb&lt;/WorkspaceConnectionString&gt;&lt;WorkspaceFactory&gt;FileGDB&lt;/WorkspaceFactory&gt;&lt;Dataset&gt;v_02140503&lt;/Dataset&gt;&lt;DatasetType&gt;esriDTFeatureClass&lt;/DatasetType&gt;&lt;/CIMFeatureDatasetDataConnection&gt;" &lt;operationSequence&gt;&lt;workflow&gt;&lt;DeleteField&gt;&lt;field_name&gt;ID_Parcel&lt;/field_name&gt;&lt;field_name&gt;ProCoVi&lt;/field_name&gt;&lt;field_name&gt;F_Type&lt;/field_name&gt;&lt;field_name&gt;F_ID&lt;/field_name&gt;&lt;field_name&gt;Owner_Parc&lt;/field_name&gt;&lt;field_name&gt;Note&lt;/field_name&gt;&lt;field_name&gt;Typer&lt;/field_name&gt;&lt;field_name&gt;Code&lt;/field_name&gt;&lt;field_name&gt;Name&lt;/field_name&gt;&lt;field_name&gt;Area&lt;/field_name&gt;&lt;field_name&gt;Shape_Leng&lt;/field_name&gt;&lt;field_name&gt;Shape_Ar_1&lt;/field_name&gt;&lt;/DeleteField&gt;&lt;/workflow&gt;&lt;/operationSequence&gt;</Process><Process ToolSource="c:\program files\arcgis\pro\Resources\ArcToolbox\toolboxes\Data Management Tools.tbx\UpdateSchema" Date="20250531" Time="230146">UpdateSchema "CIMDATA=&lt;CIMFeatureDatasetDataConnection xsi:type='typens:CIMFeatureDatasetDataConnection' xmlns:xsi='http://www.w3.org/2001/XMLSchema-instance' xmlns:xs='http://www.w3.org/2001/XMLSchema' xmlns:typens='http://www.esri.com/schemas/ArcGIS/3.4.0'&gt;&lt;FeatureDataset&gt;parcelfd&lt;/FeatureDataset&gt;&lt;WorkspaceConnectionString&gt;DATABASE=D:\0_Thses\0_WebProject\2_graphic\grahic_webs.gdb&lt;/WorkspaceConnectionString&gt;&lt;WorkspaceFactory&gt;FileGDB&lt;/WorkspaceFactory&gt;&lt;Dataset&gt;v_02140503&lt;/Dataset&gt;&lt;DatasetType&gt;esriDTFeatureClass&lt;/DatasetType&gt;&lt;/CIMFeatureDatasetDataConnection&gt;" &lt;operationSequence&gt;&lt;workflow&gt;&lt;AddField&gt;&lt;field_name&gt;id_parcel&lt;/field_name&gt;&lt;field_type&gt;TEXT&lt;/field_type&gt;&lt;field_length&gt;255&lt;/field_length&gt;&lt;field_is_nullable&gt;True&lt;/field_is_nullable&gt;&lt;field_is_required&gt;False&lt;/field_is_required&gt;&lt;/AddField&gt;&lt;/workflow&gt;&lt;workflow&gt;&lt;AddField&gt;&lt;field_name&gt;ProCoVi&lt;/field_name&gt;&lt;field_type&gt;LONG&lt;/field_type&gt;&lt;field_is_nullable&gt;True&lt;/field_is_nullable&gt;&lt;field_is_required&gt;False&lt;/field_is_required&gt;&lt;/AddField&gt;&lt;/workflow&gt;&lt;workflow&gt;&lt;AddField&gt;&lt;field_name&gt;LandUseTyoe&lt;/field_name&gt;&lt;field_type&gt;TEXT&lt;/field_type&gt;&lt;field_length&gt;255&lt;/field_length&gt;&lt;field_is_nullable&gt;True&lt;/field_is_nullable&gt;&lt;field_is_required&gt;False&lt;/field_is_required&gt;&lt;/AddField&gt;&lt;/workflow&gt;&lt;workflow&gt;&lt;AddField&gt;&lt;field_name&gt;Area_m²&lt;/field_name&gt;&lt;field_type&gt;LONG&lt;/field_type&gt;&lt;field_is_nullable&gt;True&lt;/field_is_nullable&gt;&lt;field_is_required&gt;False&lt;/field_is_required&gt;&lt;/AddField&gt;&lt;/workflow&gt;&lt;workflow&gt;&lt;AddField&gt;&lt;field_name&gt;Field&lt;/field_name&gt;&lt;field_type&gt;LONG&lt;/field_type&gt;&lt;field_is_nullable&gt;True&lt;/field_is_nullable&gt;&lt;field_is_required&gt;False&lt;/field_is_required&gt;&lt;/AddField&gt;&lt;/workflow&gt;&lt;/operationSequence&gt;</Process><Process ToolSource="c:\program files\arcgis\pro\Resources\ArcToolbox\toolboxes\Data Management Tools.tbx\UpdateSchema" Date="20250531" Time="230326">UpdateSchema "CIMDATA=&lt;CIMFeatureDatasetDataConnection xsi:type='typens:CIMFeatureDatasetDataConnection' xmlns:xsi='http://www.w3.org/2001/XMLSchema-instance' xmlns:xs='http://www.w3.org/2001/XMLSchema' xmlns:typens='http://www.esri.com/schemas/ArcGIS/3.4.0'&gt;&lt;FeatureDataset&gt;parcelfd&lt;/FeatureDataset&gt;&lt;WorkspaceConnectionString&gt;DATABASE=D:\0_Thses\0_WebProject\2_graphic\grahic_webs.gdb&lt;/WorkspaceConnectionString&gt;&lt;WorkspaceFactory&gt;FileGDB&lt;/WorkspaceFactory&gt;&lt;Dataset&gt;v_02140503&lt;/Dataset&gt;&lt;DatasetType&gt;esriDTFeatureClass&lt;/DatasetType&gt;&lt;/CIMFeatureDatasetDataConnection&gt;" &lt;operationSequence&gt;&lt;workflow&gt;&lt;DeleteField&gt;&lt;field_name&gt;Field&lt;/field_name&gt;&lt;field_name&gt;Area_m_&lt;/field_name&gt;&lt;/DeleteField&gt;&lt;/workflow&gt;&lt;workflow&gt;&lt;AlterField&gt;&lt;field_name&gt;LandUseTyoe&lt;/field_name&gt;&lt;new_field_name&gt;LandUseType&lt;/new_field_name&gt;&lt;field_type&gt;TEXT&lt;/field_type&gt;&lt;field_is_nullable&gt;True&lt;/field_is_nullable&gt;&lt;clear_field_alias&gt;False&lt;/clear_field_alias&gt;&lt;/AlterField&gt;&lt;/workflow&gt;&lt;/operationSequence&gt;</Process><Process ToolSource="c:\program files\arcgis\pro\Resources\ArcToolbox\toolboxes\Data Management Tools.tbx\UpdateSchema" Date="20250531" Time="230611">UpdateSchema "CIMDATA=&lt;CIMFeatureDatasetDataConnection xsi:type='typens:CIMFeatureDatasetDataConnection' xmlns:xsi='http://www.w3.org/2001/XMLSchema-instance' xmlns:xs='http://www.w3.org/2001/XMLSchema' xmlns:typens='http://www.esri.com/schemas/ArcGIS/3.4.0'&gt;&lt;FeatureDataset&gt;parcelfd&lt;/FeatureDataset&gt;&lt;WorkspaceConnectionString&gt;DATABASE=D:\0_Thses\0_WebProject\2_graphic\grahic_webs.gdb&lt;/WorkspaceConnectionString&gt;&lt;WorkspaceFactory&gt;FileGDB&lt;/WorkspaceFactory&gt;&lt;Dataset&gt;v_02140503&lt;/Dataset&gt;&lt;DatasetType&gt;esriDTFeatureClass&lt;/DatasetType&gt;&lt;/CIMFeatureDatasetDataConnection&gt;" &lt;operationSequence&gt;&lt;workflow&gt;&lt;AddField&gt;&lt;field_name&gt;ProCoVi_kh&lt;/field_name&gt;&lt;field_type&gt;TEXT&lt;/field_type&gt;&lt;field_length&gt;255&lt;/field_length&gt;&lt;field_is_nullable&gt;True&lt;/field_is_nullable&gt;&lt;field_is_required&gt;False&lt;/field_is_required&gt;&lt;/AddField&gt;&lt;/workflow&gt;&lt;/operationSequence&gt;</Process><Process ToolSource="c:\program files\arcgis\pro\Resources\ArcToolbox\toolboxes\Data Management Tools.tbx\UpdateSchema" Date="20250531" Time="232412">UpdateSchema "CIMDATA=&lt;CIMFeatureDatasetDataConnection xsi:type='typens:CIMFeatureDatasetDataConnection' xmlns:xsi='http://www.w3.org/2001/XMLSchema-instance' xmlns:xs='http://www.w3.org/2001/XMLSchema' xmlns:typens='http://www.esri.com/schemas/ArcGIS/3.4.0'&gt;&lt;FeatureDataset&gt;parcelfd&lt;/FeatureDataset&gt;&lt;WorkspaceConnectionString&gt;DATABASE=D:\0_Thses\0_WebProject\2_graphic\grahic_webs.gdb&lt;/WorkspaceConnectionString&gt;&lt;WorkspaceFactory&gt;FileGDB&lt;/WorkspaceFactory&gt;&lt;Dataset&gt;v_02140503&lt;/Dataset&gt;&lt;DatasetType&gt;esriDTFeatureClass&lt;/DatasetType&gt;&lt;/CIMFeatureDatasetDataConnection&gt;" &lt;operationSequence&gt;&lt;workflow&gt;&lt;DeleteField&gt;&lt;field_name&gt;ProCoVi_kh&lt;/field_name&gt;&lt;/DeleteField&gt;&lt;/workflow&gt;&lt;workflow&gt;&lt;AddField&gt;&lt;field_name&gt;Location&lt;/field_name&gt;&lt;field_type&gt;TEXT&lt;/field_type&gt;&lt;field_length&gt;255&lt;/field_length&gt;&lt;field_is_nullable&gt;True&lt;/field_is_nullable&gt;&lt;field_is_required&gt;False&lt;/field_is_required&gt;&lt;/AddField&gt;&lt;/workflow&gt;&lt;workflow&gt;&lt;AddField&gt;&lt;field_name&gt;Registered&lt;/field_name&gt;&lt;field_type&gt;DATE&lt;/field_type&gt;&lt;field_is_nullable&gt;True&lt;/field_is_nullable&gt;&lt;field_is_required&gt;False&lt;/field_is_required&gt;&lt;/AddField&gt;&lt;/workflow&gt;&lt;/operationSequence&gt;</Process><Process ToolSource="c:\program files\arcgis\pro\Resources\ArcToolbox\toolboxes\Data Management Tools.tbx\CalculateField" Date="20250531" Time="232607">CalculateField v_02140503 id_parcel auto_code()
 PYTHON3 "rec = 0
def auto_code():
    global rec
    rec += 1
    return "02140503-" + str(rec).zfill(2)
" TEXT NO_ENFORCE_DOMAINS</Process><Process ToolSource="c:\program files\arcgis\pro\Resources\ArcToolbox\toolboxes\Data Management Tools.tbx\CalculateField" Date="20250531" Time="232638">CalculateField v_02140503 ProCoVi auto_code()
 PYTHON3 "rec = 0
def auto_code():
    global rec
    rec += 1
    return "02140503-"
" TEXT NO_ENFORCE_DOMAINS</Process><Process ToolSource="c:\program files\arcgis\pro\Resources\ArcToolbox\toolboxes\Data Management Tools.tbx\CalculateField" Date="20250531" Time="232647">CalculateField v_02140503 ProCoVi auto_code()
 PYTHON3 "rec = 0
def auto_code():
    global rec
    rec += 1
    return "02140503"
" TEXT NO_ENFORCE_DOMAINS</Process><Process ToolSource="c:\program files\arcgis\pro\Resources\ArcToolbox\toolboxes\Data Management Tools.tbx\CalculateField" Date="20250531" Time="232747">CalculateField v_02140503 Location auto_code()
 PYTHON3 "rec = 0
def auto_code():
    global rec
    rec += 1
    return "បាត់ដំបង, រុក្ខគិរី, ស្ដុកប្រវឹក, ស្ដុកប្រវឹក"
" TEXT NO_ENFORCE_DOMAINS</Process><Process ToolSource="c:\program files\arcgis\pro\Resources\ArcToolbox\Toolboxes\Data Management Tools.tbx\UpdateSchema" Date="20250601" Time="105935">UpdateSchema "CIMDATA=&lt;CIMFeatureDatasetDataConnection xsi:type='typens:CIMFeatureDatasetDataConnection' xmlns:xsi='http://www.w3.org/2001/XMLSchema-instance' xmlns:xs='http://www.w3.org/2001/XMLSchema' xmlns:typens='http://www.esri.com/schemas/ArcGIS/3.4.0'&gt;&lt;FeatureDataset&gt;parcelfd&lt;/FeatureDataset&gt;&lt;WorkspaceConnectionString&gt;DATABASE=D:\0_Thses\0_WebProject\2_graphic\grahic_webs.gdb&lt;/WorkspaceConnectionString&gt;&lt;WorkspaceFactory&gt;FileGDB&lt;/WorkspaceFactory&gt;&lt;Dataset&gt;v_02140503&lt;/Dataset&gt;&lt;DatasetType&gt;esriDTFeatureClass&lt;/DatasetType&gt;&lt;/CIMFeatureDatasetDataConnection&gt;" &lt;operationSequence&gt;&lt;workflow&gt;&lt;AddField&gt;&lt;field_name&gt;Other&lt;/field_name&gt;&lt;field_type&gt;TEXT&lt;/field_type&gt;&lt;field_length&gt;255&lt;/field_length&gt;&lt;field_is_nullable&gt;True&lt;/field_is_nullable&gt;&lt;field_is_required&gt;False&lt;/field_is_required&gt;&lt;/AddField&gt;&lt;/workflow&gt;&lt;/operationSequence&gt;</Process><Process ToolSource="c:\program files\arcgis\pro\Resources\ArcToolbox\toolboxes\Data Management Tools.tbx\UpdateSchema" Date="20250618" Time="154456">UpdateSchema "CIMDATA=&lt;CIMFeatureDatasetDataConnection xsi:type='typens:CIMFeatureDatasetDataConnection' xmlns:xsi='http://www.w3.org/2001/XMLSchema-instance' xmlns:xs='http://www.w3.org/2001/XMLSchema' xmlns:typens='http://www.esri.com/schemas/ArcGIS/3.4.0'&gt;&lt;FeatureDataset&gt;parcelfd&lt;/FeatureDataset&gt;&lt;WorkspaceConnectionString&gt;DATABASE=D:\0_Thses\0_WebProject\2_graphic\grahic_webs.gdb&lt;/WorkspaceConnectionString&gt;&lt;WorkspaceFactory&gt;FileGDB&lt;/WorkspaceFactory&gt;&lt;Dataset&gt;v_02140503&lt;/Dataset&gt;&lt;DatasetType&gt;esriDTFeatureClass&lt;/DatasetType&gt;&lt;/CIMFeatureDatasetDataConnection&gt;" &lt;operationSequence&gt;&lt;workflow&gt;&lt;AddField&gt;&lt;field_name&gt;Area_sqm&lt;/field_name&gt;&lt;field_type&gt;LONG&lt;/field_type&gt;&lt;field_is_nullable&gt;True&lt;/field_is_nullable&gt;&lt;field_is_required&gt;False&lt;/field_is_required&gt;&lt;/AddField&gt;&lt;/workflow&gt;&lt;/operationSequence&gt;</Process><Process ToolSource="c:\program files\arcgis\pro\Resources\ArcToolbox\toolboxes\Data Management Tools.tbx\CalculateGeometryAttributes" Date="20250618" Time="154532">CalculateGeometryAttributes v_02140503 "Area_sqm AREA" # SQUARE_METERS PROJCS["WGS_1984_UTM_Zone_48N",GEOGCS["GCS_WGS_1984",DATUM["D_WGS_1984",SPHEROID["WGS_1984",6378137.0,298.257223563]],PRIMEM["Greenwich",0.0],UNIT["Degree",0.0174532925199433]],PROJECTION["Transverse_Mercator"],PARAMETER["False_Easting",500000.0],PARAMETER["False_Northing",0.0],PARAMETER["Central_Meridian",105.0],PARAMETER["Scale_Factor",0.9996],PARAMETER["Latitude_Of_Origin",0.0],UNIT["Meter",1.0]] SAME_AS_INPUT</Process><Process ToolSource="c:\program files\arcgis\pro\Resources\ArcToolbox\toolboxes\Conversion Tools.tbx\ExportFeatures" Date="20250618" Time="155645">ExportFeatures v_02140503 C:\Users\ASUS\Desktop\parcelviewer\json\shp\v_02140503.shp # NOT_USE_ALIAS "Shape_Length "Shape_Length" false true true 8 Double 0 0,First,#,v_02140503,Shape_Length,-1,-1;Shape_Area "Shape_Area" false true true 8 Double 0 0,First,#,v_02140503,Shape_Area,-1,-1;id_parcel "id_parcel" true true false 255 Text 0 0,First,#,v_02140503,id_parcel,0,254;ProCoVi "ProCoVi" true true false 4 Long 0 0,First,#,v_02140503,ProCoVi,-1,-1;LandUseType "LandUseType" true true false 255 Text 0 0,First,#,v_02140503,LandUseType,0,254;Location "Land address" true true false 255 Text 0 0,First,#,v_02140503,Location,0,254;Area_sqm "Area_sqm" true true false 4 Long 0 0,First,#,v_02140503,Area_sqm,-1,-1;Registered "Registered" true true false 8 Date 0 0,First,#,v_02140503,Registered,-1,-1;Other "Other" true true false 255 Text 0 0,First,#,v_02140503,Other,0,254" #</Process></lineage><itemProps><itemName Sync="TRUE">v_02140503</itemName><imsContentType Sync="TRUE">002</imsContentType><itemLocation><linkage Sync="TRUE">file://\\LAPTOP-UIKNFFU5\C$\Users\ASUS\Desktop\parcelviewer\json\shp\v_02140503.shp</linkage><protocol Sync="TRUE">Local Area Network</protocol></itemLocation><itemSize Sync="TRUE">0.000</itemSize></itemProps><coordRef><type Sync="TRUE">Projected</type><geogcsn Sync="TRUE">GCS_WGS_1984</geogcsn><csUnits Sync="TRUE">Linear Unit: Meter (1.000000)</csUnits><projcsn Sync="TRUE">WGS_1984_UTM_Zone_48N</projcsn><peXml Sync="TRUE">&lt;ProjectedCoordinateSystem xsi:type='typens:ProjectedCoordinateSystem' xmlns:xsi='http://www.w3.org/2001/XMLSchema-instance' xmlns:xs='http://www.w3.org/2001/XMLSchema' xmlns:typens='http://www.esri.com/schemas/ArcGIS/3.4.0'&gt;&lt;WKT&gt;PROJCS[&amp;quot;WGS_1984_UTM_Zone_48N&amp;quot;,GEOGCS[&amp;quot;GCS_WGS_1984&amp;quot;,DATUM[&amp;quot;D_WGS_1984&amp;quot;,SPHEROID[&amp;quot;WGS_1984&amp;quot;,6378137.0,298.257223563]],PRIMEM[&amp;quot;Greenwich&amp;quot;,0.0],UNIT[&amp;quot;Degree&amp;quot;,0.0174532925199433]],PROJECTION[&amp;quot;Transverse_Mercator&amp;quot;],PARAMETER[&amp;quot;False_Easting&amp;quot;,500000.0],PARAMETER[&amp;quot;False_Northing&amp;quot;,0.0],PARAMETER[&amp;quot;Central_Meridian&amp;quot;,105.0],PARAMETER[&amp;quot;Scale_Factor&amp;quot;,0.9996],PARAMETER[&amp;quot;Latitude_Of_Origin&amp;quot;,0.0],UNIT[&amp;quot;Meter&amp;quot;,1.0],AUTHORITY[&amp;quot;EPSG&amp;quot;,32648]]&lt;/WKT&gt;&lt;XOrigin&gt;-5120900&lt;/XOrigin&gt;&lt;YOrigin&gt;-9998100&lt;/YOrigin&gt;&lt;XYScale&gt;450445547.3910538&lt;/XYScale&gt;&lt;ZOrigin&gt;-100000&lt;/ZOrigin&gt;&lt;ZScale&gt;10000&lt;/ZScale&gt;&lt;MOrigin&gt;-100000&lt;/MOrigin&gt;&lt;MScale&gt;10000&lt;/MScale&gt;&lt;XYTolerance&gt;0.001&lt;/XYTolerance&gt;&lt;ZTolerance&gt;0.001&lt;/ZTolerance&gt;&lt;MTolerance&gt;0.001&lt;/MTolerance&gt;&lt;HighPrecision&gt;true&lt;/HighPrecision&gt;&lt;WKID&gt;32648&lt;/WKID&gt;&lt;LatestWKID&gt;32648&lt;/LatestWKID&gt;&lt;/ProjectedCoordinateSystem&gt;</peXml></coordRef></DataProperties><SyncDate>20250618</SyncDate><SyncTime>15564500</SyncTime><ModDate>20250618</ModDate><ModTime>15564500</ModTime></Esri><dataIdInfo><envirDesc Sync="TRUE">Microsoft Windows 10 Version 10.0 (Build 22631) ; Esri ArcGIS 13.4.0.55405</envirDesc><dataLang><languageCode value="eng" Sync="TRUE"></languageCode><countryCode value="USA" Sync="TRUE"></countryCode></dataLang><idCitation><resTitle Sync="TRUE">v_02140503</resTitle><presForm><PresFormCd value="005" Sync="TRUE"></PresFormCd></presForm></idCitation><spatRpType><SpatRepTypCd value="001" Sync="TRUE"></SpatRepTypCd></spatRpType></dataIdInfo><mdLang><languageCode value="eng" Sync="TRUE"></languageCode><countryCode value="USA" Sync="TRUE"></countryCode></mdLang><distInfo><distFormat><formatName Sync="TRUE">Shapefile</formatName></distFormat><distTranOps><transSize Sync="TRUE">0.000</transSize></distTranOps></distInfo><mdHrLv><ScopeCd value="005" Sync="TRUE"></ScopeCd></mdHrLv><mdHrLvName Sync="TRUE">dataset</mdHrLvName><refSysInfo><RefSystem><refSysID><identCode code="32648" Sync="TRUE"></identCode><idCodeSpace Sync="TRUE">EPSG</idCodeSpace><idVersion Sync="TRUE">6.2(3.0.1)</idVersion></refSysID></RefSystem></refSysInfo><spatRepInfo><VectSpatRep><geometObjs Name="v_02140503"><geoObjTyp><GeoObjTypCd value="002" Sync="TRUE"></GeoObjTypCd></geoObjTyp><geoObjCnt Sync="TRUE">0</geoObjCnt></geometObjs><topLvl><TopoLevCd value="001" Sync="TRUE"></TopoLevCd></topLvl></VectSpatRep></spatRepInfo><spdoinfo><ptvctinf><esriterm Name="v_02140503"><efeatyp Sync="TRUE">Simple</efeatyp><efeageom code="4" Sync="TRUE"></efeageom><esritopo Sync="TRUE">FALSE</esritopo><efeacnt Sync="TRUE">0</efeacnt><spindex Sync="TRUE">FALSE</spindex><linrefer Sync="TRUE">TRUE</linrefer></esriterm></ptvctinf></spdoinfo><eainfo><detailed Name="v_02140503"><enttyp><enttypl Sync="TRUE">v_02140503</enttypl><enttypt Sync="TRUE">Feature Class</enttypt><enttypc Sync="TRUE">0</enttypc></enttyp><attr><attrlabl Sync="TRUE">FID</attrlabl><attalias Sync="TRUE">FID</attalias><attrtype Sync="TRUE">OID</attrtype><attwidth Sync="TRUE">4</attwidth><atprecis Sync="TRUE">0</atprecis><attscale Sync="TRUE">0</attscale><attrdef Sync="TRUE">Internal feature number.</attrdef><attrdefs Sync="TRUE">Esri</attrdefs><attrdomv><udom Sync="TRUE">Sequential unique whole numbers that are automatically generated.</udom></attrdomv></attr><attr><attrlabl Sync="TRUE">Shape</attrlabl><attalias Sync="TRUE">Shape</attalias><attrtype Sync="TRUE">Geometry</attrtype><attwidth Sync="TRUE">0</attwidth><atprecis Sync="TRUE">0</atprecis><attscale Sync="TRUE">0</attscale><attrdef Sync="TRUE">Feature geometry.</attrdef><attrdefs Sync="TRUE">Esri</attrdefs><attrdomv><udom Sync="TRUE">Coordinates defining the features.</udom></attrdomv></attr><attr><attrlabl Sync="TRUE">ID_Parcel</attrlabl><attalias Sync="TRUE">id_parcel</attalias><attrtype Sync="TRUE">String</attrtype><attwidth Sync="TRUE">254</attwidth><atprecis Sync="TRUE">0</atprecis><attscale Sync="TRUE">0</attscale></attr><attr><attrlabl Sync="TRUE">ProCoVi</attrlabl><attalias Sync="TRUE">ProCoVi</attalias><attrtype Sync="TRUE">Integer</attrtype><attwidth Sync="TRUE">10</attwidth><atprecis Sync="TRUE">10</atprecis><attscale Sync="TRUE">0</attscale></attr><attr><attrlabl Sync="TRUE">Shape_Area</attrlabl><attalias Sync="TRUE">Shape_Area</attalias><attrtype Sync="TRUE">Double</attrtype><attwidth Sync="TRUE">19</attwidth><atprecis Sync="TRUE">0</atprecis><attscale Sync="TRUE">0</attscale><attrdef Sync="TRUE">Area of feature in internal units squared.</attrdef><attrdefs Sync="TRUE">Esri</attrdefs><attrdomv><udom Sync="TRUE">Positive real numbers that are automatically generated.</udom></attrdomv></attr><attr><attrlabl Sync="TRUE">Shape_Leng</attrlabl><attalias Sync="TRUE">Shape_Leng</attalias><attrtype Sync="TRUE">Double</attrtype><attwidth Sync="TRUE">19</attwidth><atprecis Sync="TRUE">0</atprecis><attscale Sync="TRUE">0</attscale></attr><attr><attrlabl Sync="TRUE">LandUseTyp</attrlabl><attalias Sync="TRUE">LandUseTyp</attalias><attrtype Sync="TRUE">String</attrtype><attwidth Sync="TRUE">254</attwidth><atprecis Sync="TRUE">0</atprecis><attscale Sync="TRUE">0</attscale></attr><attr><attrlabl Sync="TRUE">Location</attrlabl><attalias Sync="TRUE">Location</attalias><attrtype Sync="TRUE">String</attrtype><attwidth Sync="TRUE">254</attwidth><atprecis Sync="TRUE">0</atprecis><attscale Sync="TRUE">0</attscale></attr><attr><attrlabl Sync="TRUE">Area_sqm</attrlabl><attalias Sync="TRUE">Area_sqm</attalias><attrtype Sync="TRUE">Integer</attrtype><attwidth Sync="TRUE">10</attwidth><atprecis Sync="TRUE">10</atprecis><attscale Sync="TRUE">0</attscale></attr><attr><attrlabl Sync="TRUE">Registered</attrlabl><attalias Sync="TRUE">Registered</attalias><attrtype Sync="TRUE">Date</attrtype><attwidth Sync="TRUE">8</attwidth><atprecis Sync="TRUE">0</atprecis><attscale Sync="TRUE">0</attscale></attr><attr><attrlabl Sync="TRUE">Other</attrlabl><attalias Sync="TRUE">Other</attalias><attrtype Sync="TRUE">String</attrtype><attwidth Sync="TRUE">254</attwidth><atprecis Sync="TRUE">0</atprecis><attscale Sync="TRUE">0</attscale></attr></detailed></eainfo><mdDateSt Sync="TRUE">20250618</mdDateSt></metadata>
